{
    "accuracy": 0.8818181818181818,
    "precision": 0.9101796407185628,
    "recall": 0.9325153374233128,
    "f1": 0.9212121212121211,
    "specificity": 0.7368421052631579
}